<application>
  <component name="AtomFileIconsConfig">
    <option name="enabledIcons" value="false" />
    <option name="enabledPsiIcons" value="false" />
    <option name="enabledUIIcons" value="false" />
    <option name="useHollowFolders" value="false" />
    <option name="isEnabledIcons" value="false" />
    <option name="isEnabledUIIcons" value="false" />
    <option name="monochromeColor" value="546e7a" />
    <option name="isEnabledPsiIcons" value="false" />
    <option name="isUseHollowFolders" value="false" />
  </component>
</application>