<application>
  <component name="ProjectJdkTable">
    <jdk version="2">
      <name value="16" />
      <type value="JavaSDK" />
      <version value="version 16" />
      <homePath value="$USER_HOME$/.jdks/openjdk-16" />
      <roots>
        <annotationsPath>
          <root type="composite">
            <root url="jar://$APPLICATION_HOME_DIR$/plugins/java/lib/jdkAnnotations.jar!/" type="simple" />
          </root>
        </annotationsPath>
        <classPath>
          <root type="composite">
            <root url="jrt:///home/franck/.jdks/openjdk-16!/java.base" type="simple" />
            <root url="jrt:///home/franck/.jdks/openjdk-16!/java.compiler" type="simple" />
            <root url="jrt:///home/franck/.jdks/openjdk-16!/java.datatransfer" type="simple" />
            <root url="jrt:///home/franck/.jdks/openjdk-16!/java.desktop" type="simple" />
            <root url="jrt:///home/franck/.jdks/openjdk-16!/java.instrument" type="simple" />
            <root url="jrt:///home/franck/.jdks/openjdk-16!/java.logging" type="simple" />
            <root url="jrt:///home/franck/.jdks/openjdk-16!/java.management" type="simple" />
            <root url="jrt:///home/franck/.jdks/openjdk-16!/java.management.rmi" type="simple" />
            <root url="jrt:///home/franck/.jdks/openjdk-16!/java.naming" type="simple" />
            <root url="jrt:///home/franck/.jdks/openjdk-16!/java.net.http" type="simple" />
            <root url="jrt:///home/franck/.jdks/openjdk-16!/java.prefs" type="simple" />
            <root url="jrt:///home/franck/.jdks/openjdk-16!/java.rmi" type="simple" />
            <root url="jrt:///home/franck/.jdks/openjdk-16!/java.scripting" type="simple" />
            <root url="jrt:///home/franck/.jdks/openjdk-16!/java.se" type="simple" />
            <root url="jrt:///home/franck/.jdks/openjdk-16!/java.security.jgss" type="simple" />
            <root url="jrt:///home/franck/.jdks/openjdk-16!/java.security.sasl" type="simple" />
            <root url="jrt:///home/franck/.jdks/openjdk-16!/java.smartcardio" type="simple" />
            <root url="jrt:///home/franck/.jdks/openjdk-16!/java.sql" type="simple" />
            <root url="jrt:///home/franck/.jdks/openjdk-16!/java.sql.rowset" type="simple" />
            <root url="jrt:///home/franck/.jdks/openjdk-16!/java.transaction.xa" type="simple" />
            <root url="jrt:///home/franck/.jdks/openjdk-16!/java.xml" type="simple" />
            <root url="jrt:///home/franck/.jdks/openjdk-16!/java.xml.crypto" type="simple" />
            <root url="jrt:///home/franck/.jdks/openjdk-16!/jdk.accessibility" type="simple" />
            <root url="jrt:///home/franck/.jdks/openjdk-16!/jdk.attach" type="simple" />
            <root url="jrt:///home/franck/.jdks/openjdk-16!/jdk.charsets" type="simple" />
            <root url="jrt:///home/franck/.jdks/openjdk-16!/jdk.compiler" type="simple" />
            <root url="jrt:///home/franck/.jdks/openjdk-16!/jdk.crypto.cryptoki" type="simple" />
            <root url="jrt:///home/franck/.jdks/openjdk-16!/jdk.crypto.ec" type="simple" />
            <root url="jrt:///home/franck/.jdks/openjdk-16!/jdk.dynalink" type="simple" />
            <root url="jrt:///home/franck/.jdks/openjdk-16!/jdk.editpad" type="simple" />
            <root url="jrt:///home/franck/.jdks/openjdk-16!/jdk.hotspot.agent" type="simple" />
            <root url="jrt:///home/franck/.jdks/openjdk-16!/jdk.httpserver" type="simple" />
            <root url="jrt:///home/franck/.jdks/openjdk-16!/jdk.incubator.foreign" type="simple" />
            <root url="jrt:///home/franck/.jdks/openjdk-16!/jdk.incubator.vector" type="simple" />
            <root url="jrt:///home/franck/.jdks/openjdk-16!/jdk.internal.ed" type="simple" />
            <root url="jrt:///home/franck/.jdks/openjdk-16!/jdk.internal.jvmstat" type="simple" />
            <root url="jrt:///home/franck/.jdks/openjdk-16!/jdk.internal.le" type="simple" />
            <root url="jrt:///home/franck/.jdks/openjdk-16!/jdk.internal.opt" type="simple" />
            <root url="jrt:///home/franck/.jdks/openjdk-16!/jdk.internal.vm.ci" type="simple" />
            <root url="jrt:///home/franck/.jdks/openjdk-16!/jdk.jartool" type="simple" />
            <root url="jrt:///home/franck/.jdks/openjdk-16!/jdk.javadoc" type="simple" />
            <root url="jrt:///home/franck/.jdks/openjdk-16!/jdk.jcmd" type="simple" />
            <root url="jrt:///home/franck/.jdks/openjdk-16!/jdk.jconsole" type="simple" />
            <root url="jrt:///home/franck/.jdks/openjdk-16!/jdk.jdeps" type="simple" />
            <root url="jrt:///home/franck/.jdks/openjdk-16!/jdk.jdi" type="simple" />
            <root url="jrt:///home/franck/.jdks/openjdk-16!/jdk.jdwp.agent" type="simple" />
            <root url="jrt:///home/franck/.jdks/openjdk-16!/jdk.jfr" type="simple" />
            <root url="jrt:///home/franck/.jdks/openjdk-16!/jdk.jlink" type="simple" />
            <root url="jrt:///home/franck/.jdks/openjdk-16!/jdk.jpackage" type="simple" />
            <root url="jrt:///home/franck/.jdks/openjdk-16!/jdk.jshell" type="simple" />
            <root url="jrt:///home/franck/.jdks/openjdk-16!/jdk.jsobject" type="simple" />
            <root url="jrt:///home/franck/.jdks/openjdk-16!/jdk.jstatd" type="simple" />
            <root url="jrt:///home/franck/.jdks/openjdk-16!/jdk.localedata" type="simple" />
            <root url="jrt:///home/franck/.jdks/openjdk-16!/jdk.management" type="simple" />
            <root url="jrt:///home/franck/.jdks/openjdk-16!/jdk.management.agent" type="simple" />
            <root url="jrt:///home/franck/.jdks/openjdk-16!/jdk.management.jfr" type="simple" />
            <root url="jrt:///home/franck/.jdks/openjdk-16!/jdk.naming.dns" type="simple" />
            <root url="jrt:///home/franck/.jdks/openjdk-16!/jdk.naming.rmi" type="simple" />
            <root url="jrt:///home/franck/.jdks/openjdk-16!/jdk.net" type="simple" />
            <root url="jrt:///home/franck/.jdks/openjdk-16!/jdk.nio.mapmode" type="simple" />
            <root url="jrt:///home/franck/.jdks/openjdk-16!/jdk.sctp" type="simple" />
            <root url="jrt:///home/franck/.jdks/openjdk-16!/jdk.security.auth" type="simple" />
            <root url="jrt:///home/franck/.jdks/openjdk-16!/jdk.security.jgss" type="simple" />
            <root url="jrt:///home/franck/.jdks/openjdk-16!/jdk.unsupported" type="simple" />
            <root url="jrt:///home/franck/.jdks/openjdk-16!/jdk.unsupported.desktop" type="simple" />
            <root url="jrt:///home/franck/.jdks/openjdk-16!/jdk.xml.dom" type="simple" />
            <root url="jrt:///home/franck/.jdks/openjdk-16!/jdk.zipfs" type="simple" />
          </root>
        </classPath>
        <javadocPath>
          <root type="composite" />
        </javadocPath>
        <sourcePath>
          <root type="composite">
            <root url="jar://$USER_HOME$/.jdks/openjdk-16/lib/src.zip!/java.se" type="simple" />
            <root url="jar://$USER_HOME$/.jdks/openjdk-16/lib/src.zip!/jdk.jdi" type="simple" />
            <root url="jar://$USER_HOME$/.jdks/openjdk-16/lib/src.zip!/jdk.jfr" type="simple" />
            <root url="jar://$USER_HOME$/.jdks/openjdk-16/lib/src.zip!/jdk.net" type="simple" />
            <root url="jar://$USER_HOME$/.jdks/openjdk-16/lib/src.zip!/java.rmi" type="simple" />
            <root url="jar://$USER_HOME$/.jdks/openjdk-16/lib/src.zip!/java.sql" type="simple" />
            <root url="jar://$USER_HOME$/.jdks/openjdk-16/lib/src.zip!/java.xml" type="simple" />
            <root url="jar://$USER_HOME$/.jdks/openjdk-16/lib/src.zip!/jdk.jcmd" type="simple" />
            <root url="jar://$USER_HOME$/.jdks/openjdk-16/lib/src.zip!/jdk.sctp" type="simple" />
            <root url="jar://$USER_HOME$/.jdks/openjdk-16/lib/src.zip!/java.base" type="simple" />
            <root url="jar://$USER_HOME$/.jdks/openjdk-16/lib/src.zip!/jdk.jdeps" type="simple" />
            <root url="jar://$USER_HOME$/.jdks/openjdk-16/lib/src.zip!/jdk.jlink" type="simple" />
            <root url="jar://$USER_HOME$/.jdks/openjdk-16/lib/src.zip!/jdk.zipfs" type="simple" />
            <root url="jar://$USER_HOME$/.jdks/openjdk-16/lib/src.zip!/java.prefs" type="simple" />
            <root url="jar://$USER_HOME$/.jdks/openjdk-16/lib/src.zip!/jdk.attach" type="simple" />
            <root url="jar://$USER_HOME$/.jdks/openjdk-16/lib/src.zip!/jdk.jshell" type="simple" />
            <root url="jar://$USER_HOME$/.jdks/openjdk-16/lib/src.zip!/jdk.jstatd" type="simple" />
            <root url="jar://$USER_HOME$/.jdks/openjdk-16/lib/src.zip!/java.naming" type="simple" />
            <root url="jar://$USER_HOME$/.jdks/openjdk-16/lib/src.zip!/jdk.editpad" type="simple" />
            <root url="jar://$USER_HOME$/.jdks/openjdk-16/lib/src.zip!/jdk.jartool" type="simple" />
            <root url="jar://$USER_HOME$/.jdks/openjdk-16/lib/src.zip!/jdk.javadoc" type="simple" />
            <root url="jar://$USER_HOME$/.jdks/openjdk-16/lib/src.zip!/jdk.xml.dom" type="simple" />
            <root url="jar://$USER_HOME$/.jdks/openjdk-16/lib/src.zip!/java.desktop" type="simple" />
            <root url="jar://$USER_HOME$/.jdks/openjdk-16/lib/src.zip!/java.logging" type="simple" />
            <root url="jar://$USER_HOME$/.jdks/openjdk-16/lib/src.zip!/jdk.charsets" type="simple" />
            <root url="jar://$USER_HOME$/.jdks/openjdk-16/lib/src.zip!/jdk.compiler" type="simple" />
            <root url="jar://$USER_HOME$/.jdks/openjdk-16/lib/src.zip!/jdk.dynalink" type="simple" />
            <root url="jar://$USER_HOME$/.jdks/openjdk-16/lib/src.zip!/jdk.jconsole" type="simple" />
            <root url="jar://$USER_HOME$/.jdks/openjdk-16/lib/src.zip!/jdk.jpackage" type="simple" />
            <root url="jar://$USER_HOME$/.jdks/openjdk-16/lib/src.zip!/jdk.jsobject" type="simple" />
            <root url="jar://$USER_HOME$/.jdks/openjdk-16/lib/src.zip!/java.compiler" type="simple" />
            <root url="jar://$USER_HOME$/.jdks/openjdk-16/lib/src.zip!/java.net.http" type="simple" />
            <root url="jar://$USER_HOME$/.jdks/openjdk-16/lib/src.zip!/jdk.crypto.ec" type="simple" />
            <root url="jar://$USER_HOME$/.jdks/openjdk-16/lib/src.zip!/java.scripting" type="simple" />
            <root url="jar://$USER_HOME$/.jdks/openjdk-16/lib/src.zip!/jdk.httpserver" type="simple" />
            <root url="jar://$USER_HOME$/.jdks/openjdk-16/lib/src.zip!/jdk.jdwp.agent" type="simple" />
            <root url="jar://$USER_HOME$/.jdks/openjdk-16/lib/src.zip!/jdk.localedata" type="simple" />
            <root url="jar://$USER_HOME$/.jdks/openjdk-16/lib/src.zip!/jdk.management" type="simple" />
            <root url="jar://$USER_HOME$/.jdks/openjdk-16/lib/src.zip!/jdk.naming.dns" type="simple" />
            <root url="jar://$USER_HOME$/.jdks/openjdk-16/lib/src.zip!/jdk.naming.rmi" type="simple" />
            <root url="jar://$USER_HOME$/.jdks/openjdk-16/lib/src.zip!/java.instrument" type="simple" />
            <root url="jar://$USER_HOME$/.jdks/openjdk-16/lib/src.zip!/java.management" type="simple" />
            <root url="jar://$USER_HOME$/.jdks/openjdk-16/lib/src.zip!/java.sql.rowset" type="simple" />
            <root url="jar://$USER_HOME$/.jdks/openjdk-16/lib/src.zip!/java.xml.crypto" type="simple" />
            <root url="jar://$USER_HOME$/.jdks/openjdk-16/lib/src.zip!/jdk.internal.ed" type="simple" />
            <root url="jar://$USER_HOME$/.jdks/openjdk-16/lib/src.zip!/jdk.internal.le" type="simple" />
            <root url="jar://$USER_HOME$/.jdks/openjdk-16/lib/src.zip!/jdk.nio.mapmode" type="simple" />
            <root url="jar://$USER_HOME$/.jdks/openjdk-16/lib/src.zip!/jdk.unsupported" type="simple" />
            <root url="jar://$USER_HOME$/.jdks/openjdk-16/lib/src.zip!/java.smartcardio" type="simple" />
            <root url="jar://$USER_HOME$/.jdks/openjdk-16/lib/src.zip!/jdk.internal.opt" type="simple" />
            <root url="jar://$USER_HOME$/.jdks/openjdk-16/lib/src.zip!/java.datatransfer" type="simple" />
            <root url="jar://$USER_HOME$/.jdks/openjdk-16/lib/src.zip!/jdk.accessibility" type="simple" />
            <root url="jar://$USER_HOME$/.jdks/openjdk-16/lib/src.zip!/jdk.hotspot.agent" type="simple" />
            <root url="jar://$USER_HOME$/.jdks/openjdk-16/lib/src.zip!/jdk.security.auth" type="simple" />
            <root url="jar://$USER_HOME$/.jdks/openjdk-16/lib/src.zip!/jdk.security.jgss" type="simple" />
            <root url="jar://$USER_HOME$/.jdks/openjdk-16/lib/src.zip!/java.security.jgss" type="simple" />
            <root url="jar://$USER_HOME$/.jdks/openjdk-16/lib/src.zip!/java.security.sasl" type="simple" />
            <root url="jar://$USER_HOME$/.jdks/openjdk-16/lib/src.zip!/jdk.internal.vm.ci" type="simple" />
            <root url="jar://$USER_HOME$/.jdks/openjdk-16/lib/src.zip!/jdk.management.jfr" type="simple" />
            <root url="jar://$USER_HOME$/.jdks/openjdk-16/lib/src.zip!/java.management.rmi" type="simple" />
            <root url="jar://$USER_HOME$/.jdks/openjdk-16/lib/src.zip!/java.transaction.xa" type="simple" />
            <root url="jar://$USER_HOME$/.jdks/openjdk-16/lib/src.zip!/jdk.crypto.cryptoki" type="simple" />
            <root url="jar://$USER_HOME$/.jdks/openjdk-16/lib/src.zip!/jdk.incubator.vector" type="simple" />
            <root url="jar://$USER_HOME$/.jdks/openjdk-16/lib/src.zip!/jdk.internal.jvmstat" type="simple" />
            <root url="jar://$USER_HOME$/.jdks/openjdk-16/lib/src.zip!/jdk.management.agent" type="simple" />
            <root url="jar://$USER_HOME$/.jdks/openjdk-16/lib/src.zip!/jdk.incubator.foreign" type="simple" />
            <root url="jar://$USER_HOME$/.jdks/openjdk-16/lib/src.zip!/jdk.unsupported.desktop" type="simple" />
          </root>
        </sourcePath>
      </roots>
      <additional />
    </jdk>
    <jdk version="2">
      <name value="15 (2)" />
      <type value="JavaSDK" />
      <version value="java version &quot;15.0.2&quot;" />
      <homePath value="/usr/lib/jvm/java-15-openjdk" />
      <roots>
        <annotationsPath>
          <root type="composite">
            <root url="jar://$APPLICATION_HOME_DIR$/plugins/java/lib/jdkAnnotations.jar!/" type="simple" />
          </root>
        </annotationsPath>
        <classPath>
          <root type="composite">
            <root url="jrt:///usr/lib/jvm/java-15-openjdk!/java.base" type="simple" />
            <root url="jrt:///usr/lib/jvm/java-15-openjdk!/java.compiler" type="simple" />
            <root url="jrt:///usr/lib/jvm/java-15-openjdk!/java.datatransfer" type="simple" />
            <root url="jrt:///usr/lib/jvm/java-15-openjdk!/java.desktop" type="simple" />
            <root url="jrt:///usr/lib/jvm/java-15-openjdk!/java.instrument" type="simple" />
            <root url="jrt:///usr/lib/jvm/java-15-openjdk!/java.logging" type="simple" />
            <root url="jrt:///usr/lib/jvm/java-15-openjdk!/java.management" type="simple" />
            <root url="jrt:///usr/lib/jvm/java-15-openjdk!/java.management.rmi" type="simple" />
            <root url="jrt:///usr/lib/jvm/java-15-openjdk!/java.naming" type="simple" />
            <root url="jrt:///usr/lib/jvm/java-15-openjdk!/java.net.http" type="simple" />
            <root url="jrt:///usr/lib/jvm/java-15-openjdk!/java.prefs" type="simple" />
            <root url="jrt:///usr/lib/jvm/java-15-openjdk!/java.rmi" type="simple" />
            <root url="jrt:///usr/lib/jvm/java-15-openjdk!/java.scripting" type="simple" />
            <root url="jrt:///usr/lib/jvm/java-15-openjdk!/java.se" type="simple" />
            <root url="jrt:///usr/lib/jvm/java-15-openjdk!/java.security.jgss" type="simple" />
            <root url="jrt:///usr/lib/jvm/java-15-openjdk!/java.security.sasl" type="simple" />
            <root url="jrt:///usr/lib/jvm/java-15-openjdk!/java.smartcardio" type="simple" />
            <root url="jrt:///usr/lib/jvm/java-15-openjdk!/java.sql" type="simple" />
            <root url="jrt:///usr/lib/jvm/java-15-openjdk!/java.sql.rowset" type="simple" />
            <root url="jrt:///usr/lib/jvm/java-15-openjdk!/java.transaction.xa" type="simple" />
            <root url="jrt:///usr/lib/jvm/java-15-openjdk!/java.xml" type="simple" />
            <root url="jrt:///usr/lib/jvm/java-15-openjdk!/java.xml.crypto" type="simple" />
            <root url="jrt:///usr/lib/jvm/java-15-openjdk!/jdk.accessibility" type="simple" />
            <root url="jrt:///usr/lib/jvm/java-15-openjdk!/jdk.aot" type="simple" />
            <root url="jrt:///usr/lib/jvm/java-15-openjdk!/jdk.attach" type="simple" />
            <root url="jrt:///usr/lib/jvm/java-15-openjdk!/jdk.charsets" type="simple" />
            <root url="jrt:///usr/lib/jvm/java-15-openjdk!/jdk.compiler" type="simple" />
            <root url="jrt:///usr/lib/jvm/java-15-openjdk!/jdk.crypto.cryptoki" type="simple" />
            <root url="jrt:///usr/lib/jvm/java-15-openjdk!/jdk.crypto.ec" type="simple" />
            <root url="jrt:///usr/lib/jvm/java-15-openjdk!/jdk.dynalink" type="simple" />
            <root url="jrt:///usr/lib/jvm/java-15-openjdk!/jdk.editpad" type="simple" />
            <root url="jrt:///usr/lib/jvm/java-15-openjdk!/jdk.hotspot.agent" type="simple" />
            <root url="jrt:///usr/lib/jvm/java-15-openjdk!/jdk.httpserver" type="simple" />
            <root url="jrt:///usr/lib/jvm/java-15-openjdk!/jdk.incubator.foreign" type="simple" />
            <root url="jrt:///usr/lib/jvm/java-15-openjdk!/jdk.incubator.jpackage" type="simple" />
            <root url="jrt:///usr/lib/jvm/java-15-openjdk!/jdk.internal.ed" type="simple" />
            <root url="jrt:///usr/lib/jvm/java-15-openjdk!/jdk.internal.jvmstat" type="simple" />
            <root url="jrt:///usr/lib/jvm/java-15-openjdk!/jdk.internal.le" type="simple" />
            <root url="jrt:///usr/lib/jvm/java-15-openjdk!/jdk.internal.opt" type="simple" />
            <root url="jrt:///usr/lib/jvm/java-15-openjdk!/jdk.internal.vm.ci" type="simple" />
            <root url="jrt:///usr/lib/jvm/java-15-openjdk!/jdk.internal.vm.compiler" type="simple" />
            <root url="jrt:///usr/lib/jvm/java-15-openjdk!/jdk.internal.vm.compiler.management" type="simple" />
            <root url="jrt:///usr/lib/jvm/java-15-openjdk!/jdk.jartool" type="simple" />
            <root url="jrt:///usr/lib/jvm/java-15-openjdk!/jdk.javadoc" type="simple" />
            <root url="jrt:///usr/lib/jvm/java-15-openjdk!/jdk.jcmd" type="simple" />
            <root url="jrt:///usr/lib/jvm/java-15-openjdk!/jdk.jconsole" type="simple" />
            <root url="jrt:///usr/lib/jvm/java-15-openjdk!/jdk.jdeps" type="simple" />
            <root url="jrt:///usr/lib/jvm/java-15-openjdk!/jdk.jdi" type="simple" />
            <root url="jrt:///usr/lib/jvm/java-15-openjdk!/jdk.jdwp.agent" type="simple" />
            <root url="jrt:///usr/lib/jvm/java-15-openjdk!/jdk.jfr" type="simple" />
            <root url="jrt:///usr/lib/jvm/java-15-openjdk!/jdk.jlink" type="simple" />
            <root url="jrt:///usr/lib/jvm/java-15-openjdk!/jdk.jshell" type="simple" />
            <root url="jrt:///usr/lib/jvm/java-15-openjdk!/jdk.jsobject" type="simple" />
            <root url="jrt:///usr/lib/jvm/java-15-openjdk!/jdk.jstatd" type="simple" />
            <root url="jrt:///usr/lib/jvm/java-15-openjdk!/jdk.localedata" type="simple" />
            <root url="jrt:///usr/lib/jvm/java-15-openjdk!/jdk.management" type="simple" />
            <root url="jrt:///usr/lib/jvm/java-15-openjdk!/jdk.management.agent" type="simple" />
            <root url="jrt:///usr/lib/jvm/java-15-openjdk!/jdk.management.jfr" type="simple" />
            <root url="jrt:///usr/lib/jvm/java-15-openjdk!/jdk.naming.dns" type="simple" />
            <root url="jrt:///usr/lib/jvm/java-15-openjdk!/jdk.naming.rmi" type="simple" />
            <root url="jrt:///usr/lib/jvm/java-15-openjdk!/jdk.net" type="simple" />
            <root url="jrt:///usr/lib/jvm/java-15-openjdk!/jdk.nio.mapmode" type="simple" />
            <root url="jrt:///usr/lib/jvm/java-15-openjdk!/jdk.sctp" type="simple" />
            <root url="jrt:///usr/lib/jvm/java-15-openjdk!/jdk.security.auth" type="simple" />
            <root url="jrt:///usr/lib/jvm/java-15-openjdk!/jdk.security.jgss" type="simple" />
            <root url="jrt:///usr/lib/jvm/java-15-openjdk!/jdk.unsupported" type="simple" />
            <root url="jrt:///usr/lib/jvm/java-15-openjdk!/jdk.unsupported.desktop" type="simple" />
            <root url="jrt:///usr/lib/jvm/java-15-openjdk!/jdk.xml.dom" type="simple" />
            <root url="jrt:///usr/lib/jvm/java-15-openjdk!/jdk.zipfs" type="simple" />
          </root>
        </classPath>
        <javadocPath>
          <root type="composite">
            <root url="https://docs.oracle.com/en/java/javase/15/docs/api/" type="simple" />
          </root>
        </javadocPath>
        <sourcePath>
          <root type="composite" />
        </sourcePath>
      </roots>
      <additional />
    </jdk>
    <jdk version="2">
      <name value="15" />
      <type value="JavaSDK" />
      <version value="java version &quot;15.0.2&quot;" />
      <homePath value="/usr/lib/jvm/java-15-openjdk" />
      <roots>
        <annotationsPath>
          <root type="composite">
            <root url="jar://$APPLICATION_HOME_DIR$/plugins/java/lib/jdkAnnotations.jar!/" type="simple" />
          </root>
        </annotationsPath>
        <classPath>
          <root type="composite">
            <root url="jrt:///usr/lib/jvm/java-15-openjdk!/java.base" type="simple" />
            <root url="jrt:///usr/lib/jvm/java-15-openjdk!/java.compiler" type="simple" />
            <root url="jrt:///usr/lib/jvm/java-15-openjdk!/java.datatransfer" type="simple" />
            <root url="jrt:///usr/lib/jvm/java-15-openjdk!/java.desktop" type="simple" />
            <root url="jrt:///usr/lib/jvm/java-15-openjdk!/java.instrument" type="simple" />
            <root url="jrt:///usr/lib/jvm/java-15-openjdk!/java.logging" type="simple" />
            <root url="jrt:///usr/lib/jvm/java-15-openjdk!/java.management" type="simple" />
            <root url="jrt:///usr/lib/jvm/java-15-openjdk!/java.management.rmi" type="simple" />
            <root url="jrt:///usr/lib/jvm/java-15-openjdk!/java.naming" type="simple" />
            <root url="jrt:///usr/lib/jvm/java-15-openjdk!/java.net.http" type="simple" />
            <root url="jrt:///usr/lib/jvm/java-15-openjdk!/java.prefs" type="simple" />
            <root url="jrt:///usr/lib/jvm/java-15-openjdk!/java.rmi" type="simple" />
            <root url="jrt:///usr/lib/jvm/java-15-openjdk!/java.scripting" type="simple" />
            <root url="jrt:///usr/lib/jvm/java-15-openjdk!/java.se" type="simple" />
            <root url="jrt:///usr/lib/jvm/java-15-openjdk!/java.security.jgss" type="simple" />
            <root url="jrt:///usr/lib/jvm/java-15-openjdk!/java.security.sasl" type="simple" />
            <root url="jrt:///usr/lib/jvm/java-15-openjdk!/java.smartcardio" type="simple" />
            <root url="jrt:///usr/lib/jvm/java-15-openjdk!/java.sql" type="simple" />
            <root url="jrt:///usr/lib/jvm/java-15-openjdk!/java.sql.rowset" type="simple" />
            <root url="jrt:///usr/lib/jvm/java-15-openjdk!/java.transaction.xa" type="simple" />
            <root url="jrt:///usr/lib/jvm/java-15-openjdk!/java.xml" type="simple" />
            <root url="jrt:///usr/lib/jvm/java-15-openjdk!/java.xml.crypto" type="simple" />
            <root url="jrt:///usr/lib/jvm/java-15-openjdk!/jdk.accessibility" type="simple" />
            <root url="jrt:///usr/lib/jvm/java-15-openjdk!/jdk.aot" type="simple" />
            <root url="jrt:///usr/lib/jvm/java-15-openjdk!/jdk.attach" type="simple" />
            <root url="jrt:///usr/lib/jvm/java-15-openjdk!/jdk.charsets" type="simple" />
            <root url="jrt:///usr/lib/jvm/java-15-openjdk!/jdk.compiler" type="simple" />
            <root url="jrt:///usr/lib/jvm/java-15-openjdk!/jdk.crypto.cryptoki" type="simple" />
            <root url="jrt:///usr/lib/jvm/java-15-openjdk!/jdk.crypto.ec" type="simple" />
            <root url="jrt:///usr/lib/jvm/java-15-openjdk!/jdk.dynalink" type="simple" />
            <root url="jrt:///usr/lib/jvm/java-15-openjdk!/jdk.editpad" type="simple" />
            <root url="jrt:///usr/lib/jvm/java-15-openjdk!/jdk.hotspot.agent" type="simple" />
            <root url="jrt:///usr/lib/jvm/java-15-openjdk!/jdk.httpserver" type="simple" />
            <root url="jrt:///usr/lib/jvm/java-15-openjdk!/jdk.incubator.foreign" type="simple" />
            <root url="jrt:///usr/lib/jvm/java-15-openjdk!/jdk.incubator.jpackage" type="simple" />
            <root url="jrt:///usr/lib/jvm/java-15-openjdk!/jdk.internal.ed" type="simple" />
            <root url="jrt:///usr/lib/jvm/java-15-openjdk!/jdk.internal.jvmstat" type="simple" />
            <root url="jrt:///usr/lib/jvm/java-15-openjdk!/jdk.internal.le" type="simple" />
            <root url="jrt:///usr/lib/jvm/java-15-openjdk!/jdk.internal.opt" type="simple" />
            <root url="jrt:///usr/lib/jvm/java-15-openjdk!/jdk.internal.vm.ci" type="simple" />
            <root url="jrt:///usr/lib/jvm/java-15-openjdk!/jdk.internal.vm.compiler" type="simple" />
            <root url="jrt:///usr/lib/jvm/java-15-openjdk!/jdk.internal.vm.compiler.management" type="simple" />
            <root url="jrt:///usr/lib/jvm/java-15-openjdk!/jdk.jartool" type="simple" />
            <root url="jrt:///usr/lib/jvm/java-15-openjdk!/jdk.javadoc" type="simple" />
            <root url="jrt:///usr/lib/jvm/java-15-openjdk!/jdk.jcmd" type="simple" />
            <root url="jrt:///usr/lib/jvm/java-15-openjdk!/jdk.jconsole" type="simple" />
            <root url="jrt:///usr/lib/jvm/java-15-openjdk!/jdk.jdeps" type="simple" />
            <root url="jrt:///usr/lib/jvm/java-15-openjdk!/jdk.jdi" type="simple" />
            <root url="jrt:///usr/lib/jvm/java-15-openjdk!/jdk.jdwp.agent" type="simple" />
            <root url="jrt:///usr/lib/jvm/java-15-openjdk!/jdk.jfr" type="simple" />
            <root url="jrt:///usr/lib/jvm/java-15-openjdk!/jdk.jlink" type="simple" />
            <root url="jrt:///usr/lib/jvm/java-15-openjdk!/jdk.jshell" type="simple" />
            <root url="jrt:///usr/lib/jvm/java-15-openjdk!/jdk.jsobject" type="simple" />
            <root url="jrt:///usr/lib/jvm/java-15-openjdk!/jdk.jstatd" type="simple" />
            <root url="jrt:///usr/lib/jvm/java-15-openjdk!/jdk.localedata" type="simple" />
            <root url="jrt:///usr/lib/jvm/java-15-openjdk!/jdk.management" type="simple" />
            <root url="jrt:///usr/lib/jvm/java-15-openjdk!/jdk.management.agent" type="simple" />
            <root url="jrt:///usr/lib/jvm/java-15-openjdk!/jdk.management.jfr" type="simple" />
            <root url="jrt:///usr/lib/jvm/java-15-openjdk!/jdk.naming.dns" type="simple" />
            <root url="jrt:///usr/lib/jvm/java-15-openjdk!/jdk.naming.rmi" type="simple" />
            <root url="jrt:///usr/lib/jvm/java-15-openjdk!/jdk.net" type="simple" />
            <root url="jrt:///usr/lib/jvm/java-15-openjdk!/jdk.nio.mapmode" type="simple" />
            <root url="jrt:///usr/lib/jvm/java-15-openjdk!/jdk.sctp" type="simple" />
            <root url="jrt:///usr/lib/jvm/java-15-openjdk!/jdk.security.auth" type="simple" />
            <root url="jrt:///usr/lib/jvm/java-15-openjdk!/jdk.security.jgss" type="simple" />
            <root url="jrt:///usr/lib/jvm/java-15-openjdk!/jdk.unsupported" type="simple" />
            <root url="jrt:///usr/lib/jvm/java-15-openjdk!/jdk.unsupported.desktop" type="simple" />
            <root url="jrt:///usr/lib/jvm/java-15-openjdk!/jdk.xml.dom" type="simple" />
            <root url="jrt:///usr/lib/jvm/java-15-openjdk!/jdk.zipfs" type="simple" />
          </root>
        </classPath>
        <javadocPath>
          <root type="composite">
            <root url="https://docs.oracle.com/en/java/javase/15/docs/api/" type="simple" />
          </root>
        </javadocPath>
        <sourcePath>
          <root type="composite" />
        </sourcePath>
      </roots>
      <additional />
    </jdk>
  </component>
</application>