<application>
  <component name="com.intellij.ide.ui.customization.CustomActionsSchema">
    <group value="SaveAll" is_action="true" action_type="-1" position="7">
      <path value="root" />
      <path value="Main menu" />
      <path value="File" />
      <option name="myInitialPosition" value="-1" />
    </group>
    <group value="SaveAll" is_action="true" action_type="-1" position="1">
      <path value="root" />
      <path value="Main Toolbar" />
      <option name="myInitialPosition" value="-1" />
    </group>
    <group value="IlluminatedCloud.SaveAll" is_action="true" action_type="1" position="2">
      <path value="root" />
      <path value="Main Toolbar" />
      <option name="myInitialPosition" value="-1" />
    </group>
    <group value="IlluminatedCloud.SaveAll" is_action="true" action_type="1" position="8">
      <path value="root" />
      <path value="Main menu" />
      <path value="File" />
      <option name="myInitialPosition" value="-1" />
    </group>
  </component>
</application>