<application>
  <component name="DefaultFont">
    <option name="FONT_SIZE" value="16" />
    <option name="FONT_REGULAR_SUB_FAMILY" value="Medium" />
    <option name="FONT_BOLD_SUB_FAMILY" value="ExtraBold" />
    <option name="FONT_SCALE" value="1.25" />
    <option name="USE_LIGATURES" value="true" />
  </component>
  <component name="EditorSettings">
    <option name="SHOW_BREADCRUMBS" value="false" />
    <option name="IS_CAMEL_WORDS" value="true" />
  </component>
  <component name="XmlEditorOptions">
    <option name="showCssInlineColorPreview" value="true" />
  </component>
</application>