<application>
  <component name="FileTypeManager" version="18">
    <extensionMap>
      <mapping pattern="Hello" type="AUTO_DETECTED" />
      <mapping ext="beta" type="Dockerfile" />
      <mapping pattern="pre-commit" type="JSHELL" />
      <mapping ext="gradle.kts" type="Kotlin" />
      <mapping ext="main.kts" type="Kotlin" />
      <mapping pattern=".gitconfig" type="PLAIN_TEXT" />
      <mapping ext="lcov" type="PLAIN_TEXT" />
      <mapping pattern="pre-push" type="Shell Script" />
      <mapping ext="ts " type="TypeScript" />
      <removed_mapping ext="apk" approved="true" type="ARCHIVE" />
      <removed_mapping ext="chm" approved="true" type="Native" />
      <removed_mapping ext="csv" approved="true" type="CSV" />
      <removed_mapping ext="env" approved="true" type="Env File" />
      <removed_mapping ext="ignore" approved="true" type="IgnoreLang file" />
      <removed_mapping ext="pdf" approved="true" type="Native" />
      <removed_mapping ext="psd" approved="true" type="Image" />
      <removed_mapping ext="tsv" approved="true" type="TSV" />
      <removed_mapping ext="xls" approved="true" type="Native" />
      <removed_mapping ext="xlsx" approved="true" type="Native" />
      <removed_mapping pattern=".env" approved="true" type="Env File" />
      <removed_mapping pattern=".env.*" approved="true" type="Env File" />
    </extensionMap>
  </component>
</application>