<application>
  <component name="ProjectJdkTable">
    <jdk version="2">
      <name value="11" />
      <type value="JavaSDK" />
      <version value="java version &quot;11.0.4&quot;" />
      <homePath value="$APPLICATION_HOME_DIR$/jbr/Contents/Home" />
      <roots>
        <annotationsPath>
          <root type="composite">
            <root url="jar://$APPLICATION_HOME_DIR$/plugins/java/lib/jdkAnnotations.jar!/" type="simple" />
          </root>
        </annotationsPath>
        <classPath>
          <root type="composite">
            <root url="jrt:///Applications/IntelliJ IDEA.app/Contents/jbr/Contents/Home!/java.base" type="simple" />
            <root url="jrt:///Applications/IntelliJ IDEA.app/Contents/jbr/Contents/Home!/java.compiler" type="simple" />
            <root url="jrt:///Applications/IntelliJ IDEA.app/Contents/jbr/Contents/Home!/java.datatransfer" type="simple" />
            <root url="jrt:///Applications/IntelliJ IDEA.app/Contents/jbr/Contents/Home!/java.desktop" type="simple" />
            <root url="jrt:///Applications/IntelliJ IDEA.app/Contents/jbr/Contents/Home!/java.instrument" type="simple" />
            <root url="jrt:///Applications/IntelliJ IDEA.app/Contents/jbr/Contents/Home!/java.logging" type="simple" />
            <root url="jrt:///Applications/IntelliJ IDEA.app/Contents/jbr/Contents/Home!/java.management" type="simple" />
            <root url="jrt:///Applications/IntelliJ IDEA.app/Contents/jbr/Contents/Home!/java.management.rmi" type="simple" />
            <root url="jrt:///Applications/IntelliJ IDEA.app/Contents/jbr/Contents/Home!/java.naming" type="simple" />
            <root url="jrt:///Applications/IntelliJ IDEA.app/Contents/jbr/Contents/Home!/java.net.http" type="simple" />
            <root url="jrt:///Applications/IntelliJ IDEA.app/Contents/jbr/Contents/Home!/java.prefs" type="simple" />
            <root url="jrt:///Applications/IntelliJ IDEA.app/Contents/jbr/Contents/Home!/java.rmi" type="simple" />
            <root url="jrt:///Applications/IntelliJ IDEA.app/Contents/jbr/Contents/Home!/java.scripting" type="simple" />
            <root url="jrt:///Applications/IntelliJ IDEA.app/Contents/jbr/Contents/Home!/java.se" type="simple" />
            <root url="jrt:///Applications/IntelliJ IDEA.app/Contents/jbr/Contents/Home!/java.security.jgss" type="simple" />
            <root url="jrt:///Applications/IntelliJ IDEA.app/Contents/jbr/Contents/Home!/java.security.sasl" type="simple" />
            <root url="jrt:///Applications/IntelliJ IDEA.app/Contents/jbr/Contents/Home!/java.smartcardio" type="simple" />
            <root url="jrt:///Applications/IntelliJ IDEA.app/Contents/jbr/Contents/Home!/java.sql" type="simple" />
            <root url="jrt:///Applications/IntelliJ IDEA.app/Contents/jbr/Contents/Home!/java.sql.rowset" type="simple" />
            <root url="jrt:///Applications/IntelliJ IDEA.app/Contents/jbr/Contents/Home!/java.transaction.xa" type="simple" />
            <root url="jrt:///Applications/IntelliJ IDEA.app/Contents/jbr/Contents/Home!/java.xml" type="simple" />
            <root url="jrt:///Applications/IntelliJ IDEA.app/Contents/jbr/Contents/Home!/java.xml.crypto" type="simple" />
            <root url="jrt:///Applications/IntelliJ IDEA.app/Contents/jbr/Contents/Home!/javafx.base" type="simple" />
            <root url="jrt:///Applications/IntelliJ IDEA.app/Contents/jbr/Contents/Home!/javafx.controls" type="simple" />
            <root url="jrt:///Applications/IntelliJ IDEA.app/Contents/jbr/Contents/Home!/javafx.fxml" type="simple" />
            <root url="jrt:///Applications/IntelliJ IDEA.app/Contents/jbr/Contents/Home!/javafx.graphics" type="simple" />
            <root url="jrt:///Applications/IntelliJ IDEA.app/Contents/jbr/Contents/Home!/javafx.media" type="simple" />
            <root url="jrt:///Applications/IntelliJ IDEA.app/Contents/jbr/Contents/Home!/javafx.swing" type="simple" />
            <root url="jrt:///Applications/IntelliJ IDEA.app/Contents/jbr/Contents/Home!/javafx.web" type="simple" />
            <root url="jrt:///Applications/IntelliJ IDEA.app/Contents/jbr/Contents/Home!/jdk.accessibility" type="simple" />
            <root url="jrt:///Applications/IntelliJ IDEA.app/Contents/jbr/Contents/Home!/jdk.aot" type="simple" />
            <root url="jrt:///Applications/IntelliJ IDEA.app/Contents/jbr/Contents/Home!/jdk.attach" type="simple" />
            <root url="jrt:///Applications/IntelliJ IDEA.app/Contents/jbr/Contents/Home!/jdk.charsets" type="simple" />
            <root url="jrt:///Applications/IntelliJ IDEA.app/Contents/jbr/Contents/Home!/jdk.compiler" type="simple" />
            <root url="jrt:///Applications/IntelliJ IDEA.app/Contents/jbr/Contents/Home!/jdk.crypto.cryptoki" type="simple" />
            <root url="jrt:///Applications/IntelliJ IDEA.app/Contents/jbr/Contents/Home!/jdk.crypto.ec" type="simple" />
            <root url="jrt:///Applications/IntelliJ IDEA.app/Contents/jbr/Contents/Home!/jdk.dynalink" type="simple" />
            <root url="jrt:///Applications/IntelliJ IDEA.app/Contents/jbr/Contents/Home!/jdk.httpserver" type="simple" />
            <root url="jrt:///Applications/IntelliJ IDEA.app/Contents/jbr/Contents/Home!/jdk.internal.ed" type="simple" />
            <root url="jrt:///Applications/IntelliJ IDEA.app/Contents/jbr/Contents/Home!/jdk.internal.jvmstat" type="simple" />
            <root url="jrt:///Applications/IntelliJ IDEA.app/Contents/jbr/Contents/Home!/jdk.internal.le" type="simple" />
            <root url="jrt:///Applications/IntelliJ IDEA.app/Contents/jbr/Contents/Home!/jdk.internal.vm.ci" type="simple" />
            <root url="jrt:///Applications/IntelliJ IDEA.app/Contents/jbr/Contents/Home!/jdk.internal.vm.compiler" type="simple" />
            <root url="jrt:///Applications/IntelliJ IDEA.app/Contents/jbr/Contents/Home!/jdk.internal.vm.compiler.management" type="simple" />
            <root url="jrt:///Applications/IntelliJ IDEA.app/Contents/jbr/Contents/Home!/jdk.jdi" type="simple" />
            <root url="jrt:///Applications/IntelliJ IDEA.app/Contents/jbr/Contents/Home!/jdk.jdwp.agent" type="simple" />
            <root url="jrt:///Applications/IntelliJ IDEA.app/Contents/jbr/Contents/Home!/jdk.jfr" type="simple" />
            <root url="jrt:///Applications/IntelliJ IDEA.app/Contents/jbr/Contents/Home!/jdk.jsobject" type="simple" />
            <root url="jrt:///Applications/IntelliJ IDEA.app/Contents/jbr/Contents/Home!/jdk.localedata" type="simple" />
            <root url="jrt:///Applications/IntelliJ IDEA.app/Contents/jbr/Contents/Home!/jdk.management" type="simple" />
            <root url="jrt:///Applications/IntelliJ IDEA.app/Contents/jbr/Contents/Home!/jdk.management.agent" type="simple" />
            <root url="jrt:///Applications/IntelliJ IDEA.app/Contents/jbr/Contents/Home!/jdk.management.jfr" type="simple" />
            <root url="jrt:///Applications/IntelliJ IDEA.app/Contents/jbr/Contents/Home!/jdk.naming.dns" type="simple" />
            <root url="jrt:///Applications/IntelliJ IDEA.app/Contents/jbr/Contents/Home!/jdk.naming.rmi" type="simple" />
            <root url="jrt:///Applications/IntelliJ IDEA.app/Contents/jbr/Contents/Home!/jdk.net" type="simple" />
            <root url="jrt:///Applications/IntelliJ IDEA.app/Contents/jbr/Contents/Home!/jdk.pack" type="simple" />
            <root url="jrt:///Applications/IntelliJ IDEA.app/Contents/jbr/Contents/Home!/jdk.scripting.nashorn" type="simple" />
            <root url="jrt:///Applications/IntelliJ IDEA.app/Contents/jbr/Contents/Home!/jdk.scripting.nashorn.shell" type="simple" />
            <root url="jrt:///Applications/IntelliJ IDEA.app/Contents/jbr/Contents/Home!/jdk.sctp" type="simple" />
            <root url="jrt:///Applications/IntelliJ IDEA.app/Contents/jbr/Contents/Home!/jdk.security.auth" type="simple" />
            <root url="jrt:///Applications/IntelliJ IDEA.app/Contents/jbr/Contents/Home!/jdk.security.jgss" type="simple" />
            <root url="jrt:///Applications/IntelliJ IDEA.app/Contents/jbr/Contents/Home!/jdk.unsupported" type="simple" />
            <root url="jrt:///Applications/IntelliJ IDEA.app/Contents/jbr/Contents/Home!/jdk.xml.dom" type="simple" />
            <root url="jrt:///Applications/IntelliJ IDEA.app/Contents/jbr/Contents/Home!/jdk.zipfs" type="simple" />
          </root>
        </classPath>
        <javadocPath>
          <root type="composite" />
        </javadocPath>
        <sourcePath>
          <root type="composite" />
        </sourcePath>
      </roots>
      <additional />
    </jdk>
    <jdk version="2">
      <name value="14" />
      <type value="JavaSDK" />
      <version value="java version &quot;14.0.1&quot;" />
      <homePath value="/usr/lib/jvm/java-14-openjdk" />
      <roots>
        <annotationsPath>
          <root type="composite">
            <root url="jar://$APPLICATION_HOME_DIR$/plugins/java/lib/jdkAnnotations.jar!/" type="simple" />
          </root>
        </annotationsPath>
        <classPath>
          <root type="composite">
            <root url="jrt:///usr/lib/jvm/java-14-openjdk!/java.base" type="simple" />
            <root url="jrt:///usr/lib/jvm/java-14-openjdk!/java.compiler" type="simple" />
            <root url="jrt:///usr/lib/jvm/java-14-openjdk!/java.datatransfer" type="simple" />
            <root url="jrt:///usr/lib/jvm/java-14-openjdk!/java.desktop" type="simple" />
            <root url="jrt:///usr/lib/jvm/java-14-openjdk!/java.instrument" type="simple" />
            <root url="jrt:///usr/lib/jvm/java-14-openjdk!/java.logging" type="simple" />
            <root url="jrt:///usr/lib/jvm/java-14-openjdk!/java.management" type="simple" />
            <root url="jrt:///usr/lib/jvm/java-14-openjdk!/java.management.rmi" type="simple" />
            <root url="jrt:///usr/lib/jvm/java-14-openjdk!/java.naming" type="simple" />
            <root url="jrt:///usr/lib/jvm/java-14-openjdk!/java.net.http" type="simple" />
            <root url="jrt:///usr/lib/jvm/java-14-openjdk!/java.prefs" type="simple" />
            <root url="jrt:///usr/lib/jvm/java-14-openjdk!/java.rmi" type="simple" />
            <root url="jrt:///usr/lib/jvm/java-14-openjdk!/java.scripting" type="simple" />
            <root url="jrt:///usr/lib/jvm/java-14-openjdk!/java.se" type="simple" />
            <root url="jrt:///usr/lib/jvm/java-14-openjdk!/java.security.jgss" type="simple" />
            <root url="jrt:///usr/lib/jvm/java-14-openjdk!/java.security.sasl" type="simple" />
            <root url="jrt:///usr/lib/jvm/java-14-openjdk!/java.smartcardio" type="simple" />
            <root url="jrt:///usr/lib/jvm/java-14-openjdk!/java.sql" type="simple" />
            <root url="jrt:///usr/lib/jvm/java-14-openjdk!/java.sql.rowset" type="simple" />
            <root url="jrt:///usr/lib/jvm/java-14-openjdk!/java.transaction.xa" type="simple" />
            <root url="jrt:///usr/lib/jvm/java-14-openjdk!/java.xml" type="simple" />
            <root url="jrt:///usr/lib/jvm/java-14-openjdk!/java.xml.crypto" type="simple" />
            <root url="jrt:///usr/lib/jvm/java-14-openjdk!/jdk.accessibility" type="simple" />
            <root url="jrt:///usr/lib/jvm/java-14-openjdk!/jdk.aot" type="simple" />
            <root url="jrt:///usr/lib/jvm/java-14-openjdk!/jdk.attach" type="simple" />
            <root url="jrt:///usr/lib/jvm/java-14-openjdk!/jdk.charsets" type="simple" />
            <root url="jrt:///usr/lib/jvm/java-14-openjdk!/jdk.compiler" type="simple" />
            <root url="jrt:///usr/lib/jvm/java-14-openjdk!/jdk.crypto.cryptoki" type="simple" />
            <root url="jrt:///usr/lib/jvm/java-14-openjdk!/jdk.crypto.ec" type="simple" />
            <root url="jrt:///usr/lib/jvm/java-14-openjdk!/jdk.dynalink" type="simple" />
            <root url="jrt:///usr/lib/jvm/java-14-openjdk!/jdk.editpad" type="simple" />
            <root url="jrt:///usr/lib/jvm/java-14-openjdk!/jdk.hotspot.agent" type="simple" />
            <root url="jrt:///usr/lib/jvm/java-14-openjdk!/jdk.httpserver" type="simple" />
            <root url="jrt:///usr/lib/jvm/java-14-openjdk!/jdk.incubator.foreign" type="simple" />
            <root url="jrt:///usr/lib/jvm/java-14-openjdk!/jdk.incubator.jpackage" type="simple" />
            <root url="jrt:///usr/lib/jvm/java-14-openjdk!/jdk.internal.ed" type="simple" />
            <root url="jrt:///usr/lib/jvm/java-14-openjdk!/jdk.internal.jvmstat" type="simple" />
            <root url="jrt:///usr/lib/jvm/java-14-openjdk!/jdk.internal.le" type="simple" />
            <root url="jrt:///usr/lib/jvm/java-14-openjdk!/jdk.internal.opt" type="simple" />
            <root url="jrt:///usr/lib/jvm/java-14-openjdk!/jdk.internal.vm.ci" type="simple" />
            <root url="jrt:///usr/lib/jvm/java-14-openjdk!/jdk.internal.vm.compiler" type="simple" />
            <root url="jrt:///usr/lib/jvm/java-14-openjdk!/jdk.internal.vm.compiler.management" type="simple" />
            <root url="jrt:///usr/lib/jvm/java-14-openjdk!/jdk.jartool" type="simple" />
            <root url="jrt:///usr/lib/jvm/java-14-openjdk!/jdk.javadoc" type="simple" />
            <root url="jrt:///usr/lib/jvm/java-14-openjdk!/jdk.jcmd" type="simple" />
            <root url="jrt:///usr/lib/jvm/java-14-openjdk!/jdk.jconsole" type="simple" />
            <root url="jrt:///usr/lib/jvm/java-14-openjdk!/jdk.jdeps" type="simple" />
            <root url="jrt:///usr/lib/jvm/java-14-openjdk!/jdk.jdi" type="simple" />
            <root url="jrt:///usr/lib/jvm/java-14-openjdk!/jdk.jdwp.agent" type="simple" />
            <root url="jrt:///usr/lib/jvm/java-14-openjdk!/jdk.jfr" type="simple" />
            <root url="jrt:///usr/lib/jvm/java-14-openjdk!/jdk.jlink" type="simple" />
            <root url="jrt:///usr/lib/jvm/java-14-openjdk!/jdk.jshell" type="simple" />
            <root url="jrt:///usr/lib/jvm/java-14-openjdk!/jdk.jsobject" type="simple" />
            <root url="jrt:///usr/lib/jvm/java-14-openjdk!/jdk.jstatd" type="simple" />
            <root url="jrt:///usr/lib/jvm/java-14-openjdk!/jdk.localedata" type="simple" />
            <root url="jrt:///usr/lib/jvm/java-14-openjdk!/jdk.management" type="simple" />
            <root url="jrt:///usr/lib/jvm/java-14-openjdk!/jdk.management.agent" type="simple" />
            <root url="jrt:///usr/lib/jvm/java-14-openjdk!/jdk.management.jfr" type="simple" />
            <root url="jrt:///usr/lib/jvm/java-14-openjdk!/jdk.naming.dns" type="simple" />
            <root url="jrt:///usr/lib/jvm/java-14-openjdk!/jdk.naming.rmi" type="simple" />
            <root url="jrt:///usr/lib/jvm/java-14-openjdk!/jdk.net" type="simple" />
            <root url="jrt:///usr/lib/jvm/java-14-openjdk!/jdk.nio.mapmode" type="simple" />
            <root url="jrt:///usr/lib/jvm/java-14-openjdk!/jdk.rmic" type="simple" />
            <root url="jrt:///usr/lib/jvm/java-14-openjdk!/jdk.scripting.nashorn" type="simple" />
            <root url="jrt:///usr/lib/jvm/java-14-openjdk!/jdk.scripting.nashorn.shell" type="simple" />
            <root url="jrt:///usr/lib/jvm/java-14-openjdk!/jdk.sctp" type="simple" />
            <root url="jrt:///usr/lib/jvm/java-14-openjdk!/jdk.security.auth" type="simple" />
            <root url="jrt:///usr/lib/jvm/java-14-openjdk!/jdk.security.jgss" type="simple" />
            <root url="jrt:///usr/lib/jvm/java-14-openjdk!/jdk.unsupported" type="simple" />
            <root url="jrt:///usr/lib/jvm/java-14-openjdk!/jdk.unsupported.desktop" type="simple" />
            <root url="jrt:///usr/lib/jvm/java-14-openjdk!/jdk.xml.dom" type="simple" />
            <root url="jrt:///usr/lib/jvm/java-14-openjdk!/jdk.zipfs" type="simple" />
          </root>
        </classPath>
        <javadocPath>
          <root type="composite">
            <root url="https://docs.oracle.com/en/java/javase/14/docs/api/" type="simple" />
          </root>
        </javadocPath>
        <sourcePath>
          <root type="composite" />
        </sourcePath>
      </roots>
      <additional />
    </jdk>
    <jdk version="2">
      <name value="15" />
      <type value="JavaSDK" />
      <version value="java version &quot;15.0.1&quot;" />
      <homePath value="/usr/lib/jvm/java-15-jdk" />
      <roots>
        <annotationsPath>
          <root type="composite">
            <root url="jar://$APPLICATION_HOME_DIR$/plugins/java/lib/jdkAnnotations.jar!/" type="simple" />
          </root>
        </annotationsPath>
        <classPath>
          <root type="composite">
            <root url="jrt:///usr/lib/jvm/java-15-jdk!/java.base" type="simple" />
            <root url="jrt:///usr/lib/jvm/java-15-jdk!/java.compiler" type="simple" />
            <root url="jrt:///usr/lib/jvm/java-15-jdk!/java.datatransfer" type="simple" />
            <root url="jrt:///usr/lib/jvm/java-15-jdk!/java.desktop" type="simple" />
            <root url="jrt:///usr/lib/jvm/java-15-jdk!/java.instrument" type="simple" />
            <root url="jrt:///usr/lib/jvm/java-15-jdk!/java.logging" type="simple" />
            <root url="jrt:///usr/lib/jvm/java-15-jdk!/java.management" type="simple" />
            <root url="jrt:///usr/lib/jvm/java-15-jdk!/java.management.rmi" type="simple" />
            <root url="jrt:///usr/lib/jvm/java-15-jdk!/java.naming" type="simple" />
            <root url="jrt:///usr/lib/jvm/java-15-jdk!/java.net.http" type="simple" />
            <root url="jrt:///usr/lib/jvm/java-15-jdk!/java.prefs" type="simple" />
            <root url="jrt:///usr/lib/jvm/java-15-jdk!/java.rmi" type="simple" />
            <root url="jrt:///usr/lib/jvm/java-15-jdk!/java.scripting" type="simple" />
            <root url="jrt:///usr/lib/jvm/java-15-jdk!/java.se" type="simple" />
            <root url="jrt:///usr/lib/jvm/java-15-jdk!/java.security.jgss" type="simple" />
            <root url="jrt:///usr/lib/jvm/java-15-jdk!/java.security.sasl" type="simple" />
            <root url="jrt:///usr/lib/jvm/java-15-jdk!/java.smartcardio" type="simple" />
            <root url="jrt:///usr/lib/jvm/java-15-jdk!/java.sql" type="simple" />
            <root url="jrt:///usr/lib/jvm/java-15-jdk!/java.sql.rowset" type="simple" />
            <root url="jrt:///usr/lib/jvm/java-15-jdk!/java.transaction.xa" type="simple" />
            <root url="jrt:///usr/lib/jvm/java-15-jdk!/java.xml" type="simple" />
            <root url="jrt:///usr/lib/jvm/java-15-jdk!/java.xml.crypto" type="simple" />
            <root url="jrt:///usr/lib/jvm/java-15-jdk!/jdk.accessibility" type="simple" />
            <root url="jrt:///usr/lib/jvm/java-15-jdk!/jdk.aot" type="simple" />
            <root url="jrt:///usr/lib/jvm/java-15-jdk!/jdk.attach" type="simple" />
            <root url="jrt:///usr/lib/jvm/java-15-jdk!/jdk.charsets" type="simple" />
            <root url="jrt:///usr/lib/jvm/java-15-jdk!/jdk.compiler" type="simple" />
            <root url="jrt:///usr/lib/jvm/java-15-jdk!/jdk.crypto.cryptoki" type="simple" />
            <root url="jrt:///usr/lib/jvm/java-15-jdk!/jdk.crypto.ec" type="simple" />
            <root url="jrt:///usr/lib/jvm/java-15-jdk!/jdk.dynalink" type="simple" />
            <root url="jrt:///usr/lib/jvm/java-15-jdk!/jdk.editpad" type="simple" />
            <root url="jrt:///usr/lib/jvm/java-15-jdk!/jdk.hotspot.agent" type="simple" />
            <root url="jrt:///usr/lib/jvm/java-15-jdk!/jdk.httpserver" type="simple" />
            <root url="jrt:///usr/lib/jvm/java-15-jdk!/jdk.incubator.foreign" type="simple" />
            <root url="jrt:///usr/lib/jvm/java-15-jdk!/jdk.incubator.jpackage" type="simple" />
            <root url="jrt:///usr/lib/jvm/java-15-jdk!/jdk.internal.ed" type="simple" />
            <root url="jrt:///usr/lib/jvm/java-15-jdk!/jdk.internal.jvmstat" type="simple" />
            <root url="jrt:///usr/lib/jvm/java-15-jdk!/jdk.internal.le" type="simple" />
            <root url="jrt:///usr/lib/jvm/java-15-jdk!/jdk.internal.opt" type="simple" />
            <root url="jrt:///usr/lib/jvm/java-15-jdk!/jdk.internal.vm.ci" type="simple" />
            <root url="jrt:///usr/lib/jvm/java-15-jdk!/jdk.internal.vm.compiler" type="simple" />
            <root url="jrt:///usr/lib/jvm/java-15-jdk!/jdk.internal.vm.compiler.management" type="simple" />
            <root url="jrt:///usr/lib/jvm/java-15-jdk!/jdk.jartool" type="simple" />
            <root url="jrt:///usr/lib/jvm/java-15-jdk!/jdk.javadoc" type="simple" />
            <root url="jrt:///usr/lib/jvm/java-15-jdk!/jdk.jcmd" type="simple" />
            <root url="jrt:///usr/lib/jvm/java-15-jdk!/jdk.jconsole" type="simple" />
            <root url="jrt:///usr/lib/jvm/java-15-jdk!/jdk.jdeps" type="simple" />
            <root url="jrt:///usr/lib/jvm/java-15-jdk!/jdk.jdi" type="simple" />
            <root url="jrt:///usr/lib/jvm/java-15-jdk!/jdk.jdwp.agent" type="simple" />
            <root url="jrt:///usr/lib/jvm/java-15-jdk!/jdk.jfr" type="simple" />
            <root url="jrt:///usr/lib/jvm/java-15-jdk!/jdk.jlink" type="simple" />
            <root url="jrt:///usr/lib/jvm/java-15-jdk!/jdk.jshell" type="simple" />
            <root url="jrt:///usr/lib/jvm/java-15-jdk!/jdk.jsobject" type="simple" />
            <root url="jrt:///usr/lib/jvm/java-15-jdk!/jdk.jstatd" type="simple" />
            <root url="jrt:///usr/lib/jvm/java-15-jdk!/jdk.localedata" type="simple" />
            <root url="jrt:///usr/lib/jvm/java-15-jdk!/jdk.management" type="simple" />
            <root url="jrt:///usr/lib/jvm/java-15-jdk!/jdk.management.agent" type="simple" />
            <root url="jrt:///usr/lib/jvm/java-15-jdk!/jdk.management.jfr" type="simple" />
            <root url="jrt:///usr/lib/jvm/java-15-jdk!/jdk.naming.dns" type="simple" />
            <root url="jrt:///usr/lib/jvm/java-15-jdk!/jdk.naming.rmi" type="simple" />
            <root url="jrt:///usr/lib/jvm/java-15-jdk!/jdk.net" type="simple" />
            <root url="jrt:///usr/lib/jvm/java-15-jdk!/jdk.nio.mapmode" type="simple" />
            <root url="jrt:///usr/lib/jvm/java-15-jdk!/jdk.sctp" type="simple" />
            <root url="jrt:///usr/lib/jvm/java-15-jdk!/jdk.security.auth" type="simple" />
            <root url="jrt:///usr/lib/jvm/java-15-jdk!/jdk.security.jgss" type="simple" />
            <root url="jrt:///usr/lib/jvm/java-15-jdk!/jdk.unsupported" type="simple" />
            <root url="jrt:///usr/lib/jvm/java-15-jdk!/jdk.unsupported.desktop" type="simple" />
            <root url="jrt:///usr/lib/jvm/java-15-jdk!/jdk.xml.dom" type="simple" />
            <root url="jrt:///usr/lib/jvm/java-15-jdk!/jdk.zipfs" type="simple" />
          </root>
        </classPath>
        <javadocPath>
          <root type="composite" />
        </javadocPath>
        <sourcePath>
          <root type="composite">
            <root url="jar:///usr/lib/jvm/java-15-jdk/lib/src.zip!/java.se" type="simple" />
            <root url="jar:///usr/lib/jvm/java-15-jdk/lib/src.zip!/jdk.aot" type="simple" />
            <root url="jar:///usr/lib/jvm/java-15-jdk/lib/src.zip!/jdk.jdi" type="simple" />
            <root url="jar:///usr/lib/jvm/java-15-jdk/lib/src.zip!/jdk.jfr" type="simple" />
            <root url="jar:///usr/lib/jvm/java-15-jdk/lib/src.zip!/jdk.net" type="simple" />
            <root url="jar:///usr/lib/jvm/java-15-jdk/lib/src.zip!/java.rmi" type="simple" />
            <root url="jar:///usr/lib/jvm/java-15-jdk/lib/src.zip!/java.sql" type="simple" />
            <root url="jar:///usr/lib/jvm/java-15-jdk/lib/src.zip!/java.xml" type="simple" />
            <root url="jar:///usr/lib/jvm/java-15-jdk/lib/src.zip!/jdk.jcmd" type="simple" />
            <root url="jar:///usr/lib/jvm/java-15-jdk/lib/src.zip!/jdk.sctp" type="simple" />
            <root url="jar:///usr/lib/jvm/java-15-jdk/lib/src.zip!/java.base" type="simple" />
            <root url="jar:///usr/lib/jvm/java-15-jdk/lib/src.zip!/jdk.jdeps" type="simple" />
            <root url="jar:///usr/lib/jvm/java-15-jdk/lib/src.zip!/jdk.jlink" type="simple" />
            <root url="jar:///usr/lib/jvm/java-15-jdk/lib/src.zip!/jdk.zipfs" type="simple" />
            <root url="jar:///usr/lib/jvm/java-15-jdk/lib/src.zip!/java.prefs" type="simple" />
            <root url="jar:///usr/lib/jvm/java-15-jdk/lib/src.zip!/jdk.attach" type="simple" />
            <root url="jar:///usr/lib/jvm/java-15-jdk/lib/src.zip!/jdk.jshell" type="simple" />
            <root url="jar:///usr/lib/jvm/java-15-jdk/lib/src.zip!/jdk.jstatd" type="simple" />
            <root url="jar:///usr/lib/jvm/java-15-jdk/lib/src.zip!/java.naming" type="simple" />
            <root url="jar:///usr/lib/jvm/java-15-jdk/lib/src.zip!/jdk.editpad" type="simple" />
            <root url="jar:///usr/lib/jvm/java-15-jdk/lib/src.zip!/jdk.jartool" type="simple" />
            <root url="jar:///usr/lib/jvm/java-15-jdk/lib/src.zip!/jdk.javadoc" type="simple" />
            <root url="jar:///usr/lib/jvm/java-15-jdk/lib/src.zip!/jdk.xml.dom" type="simple" />
            <root url="jar:///usr/lib/jvm/java-15-jdk/lib/src.zip!/java.desktop" type="simple" />
            <root url="jar:///usr/lib/jvm/java-15-jdk/lib/src.zip!/java.logging" type="simple" />
            <root url="jar:///usr/lib/jvm/java-15-jdk/lib/src.zip!/jdk.charsets" type="simple" />
            <root url="jar:///usr/lib/jvm/java-15-jdk/lib/src.zip!/jdk.compiler" type="simple" />
            <root url="jar:///usr/lib/jvm/java-15-jdk/lib/src.zip!/jdk.dynalink" type="simple" />
            <root url="jar:///usr/lib/jvm/java-15-jdk/lib/src.zip!/jdk.jconsole" type="simple" />
            <root url="jar:///usr/lib/jvm/java-15-jdk/lib/src.zip!/jdk.jsobject" type="simple" />
            <root url="jar:///usr/lib/jvm/java-15-jdk/lib/src.zip!/java.compiler" type="simple" />
            <root url="jar:///usr/lib/jvm/java-15-jdk/lib/src.zip!/java.net.http" type="simple" />
            <root url="jar:///usr/lib/jvm/java-15-jdk/lib/src.zip!/jdk.crypto.ec" type="simple" />
            <root url="jar:///usr/lib/jvm/java-15-jdk/lib/src.zip!/java.scripting" type="simple" />
            <root url="jar:///usr/lib/jvm/java-15-jdk/lib/src.zip!/jdk.httpserver" type="simple" />
            <root url="jar:///usr/lib/jvm/java-15-jdk/lib/src.zip!/jdk.jdwp.agent" type="simple" />
            <root url="jar:///usr/lib/jvm/java-15-jdk/lib/src.zip!/jdk.localedata" type="simple" />
            <root url="jar:///usr/lib/jvm/java-15-jdk/lib/src.zip!/jdk.management" type="simple" />
            <root url="jar:///usr/lib/jvm/java-15-jdk/lib/src.zip!/jdk.naming.dns" type="simple" />
            <root url="jar:///usr/lib/jvm/java-15-jdk/lib/src.zip!/jdk.naming.rmi" type="simple" />
            <root url="jar:///usr/lib/jvm/java-15-jdk/lib/src.zip!/java.instrument" type="simple" />
            <root url="jar:///usr/lib/jvm/java-15-jdk/lib/src.zip!/java.management" type="simple" />
            <root url="jar:///usr/lib/jvm/java-15-jdk/lib/src.zip!/java.sql.rowset" type="simple" />
            <root url="jar:///usr/lib/jvm/java-15-jdk/lib/src.zip!/java.xml.crypto" type="simple" />
            <root url="jar:///usr/lib/jvm/java-15-jdk/lib/src.zip!/jdk.internal.ed" type="simple" />
            <root url="jar:///usr/lib/jvm/java-15-jdk/lib/src.zip!/jdk.internal.le" type="simple" />
            <root url="jar:///usr/lib/jvm/java-15-jdk/lib/src.zip!/jdk.nio.mapmode" type="simple" />
            <root url="jar:///usr/lib/jvm/java-15-jdk/lib/src.zip!/jdk.unsupported" type="simple" />
            <root url="jar:///usr/lib/jvm/java-15-jdk/lib/src.zip!/java.smartcardio" type="simple" />
            <root url="jar:///usr/lib/jvm/java-15-jdk/lib/src.zip!/jdk.internal.opt" type="simple" />
            <root url="jar:///usr/lib/jvm/java-15-jdk/lib/src.zip!/java.datatransfer" type="simple" />
            <root url="jar:///usr/lib/jvm/java-15-jdk/lib/src.zip!/jdk.accessibility" type="simple" />
            <root url="jar:///usr/lib/jvm/java-15-jdk/lib/src.zip!/jdk.hotspot.agent" type="simple" />
            <root url="jar:///usr/lib/jvm/java-15-jdk/lib/src.zip!/jdk.security.auth" type="simple" />
            <root url="jar:///usr/lib/jvm/java-15-jdk/lib/src.zip!/jdk.security.jgss" type="simple" />
            <root url="jar:///usr/lib/jvm/java-15-jdk/lib/src.zip!/java.security.jgss" type="simple" />
            <root url="jar:///usr/lib/jvm/java-15-jdk/lib/src.zip!/java.security.sasl" type="simple" />
            <root url="jar:///usr/lib/jvm/java-15-jdk/lib/src.zip!/jdk.internal.vm.ci" type="simple" />
            <root url="jar:///usr/lib/jvm/java-15-jdk/lib/src.zip!/jdk.management.jfr" type="simple" />
            <root url="jar:///usr/lib/jvm/java-15-jdk/lib/src.zip!/java.management.rmi" type="simple" />
            <root url="jar:///usr/lib/jvm/java-15-jdk/lib/src.zip!/java.transaction.xa" type="simple" />
            <root url="jar:///usr/lib/jvm/java-15-jdk/lib/src.zip!/jdk.crypto.cryptoki" type="simple" />
            <root url="jar:///usr/lib/jvm/java-15-jdk/lib/src.zip!/jdk.internal.jvmstat" type="simple" />
            <root url="jar:///usr/lib/jvm/java-15-jdk/lib/src.zip!/jdk.management.agent" type="simple" />
            <root url="jar:///usr/lib/jvm/java-15-jdk/lib/src.zip!/jdk.incubator.foreign" type="simple" />
            <root url="jar:///usr/lib/jvm/java-15-jdk/lib/src.zip!/jdk.incubator.jpackage" type="simple" />
            <root url="jar:///usr/lib/jvm/java-15-jdk/lib/src.zip!/jdk.unsupported.desktop" type="simple" />
            <root url="jar:///usr/lib/jvm/java-15-jdk/lib/src.zip!/jdk.internal.vm.compiler" type="simple" />
            <root url="jar:///usr/lib/jvm/java-15-jdk/lib/src.zip!/jdk.internal.vm.compiler.management" type="simple" />
          </root>
        </sourcePath>
      </roots>
      <additional />
    </jdk>
  </component>
</application>