<application>
  <component name="AppStorage">
    <option name="newTranslationDialogWidth" value="598" />
    <option name="newTranslationDialogX" value="1838" />
    <option name="newTranslationDialogY" value="588" />
    <histories>
      <item value="Quantité de produit" />
      <item value="quantité de produit" />
      <item value="quantité de pro" />
      <item value="quantité " />
      <item value="quantité" />
      <item value="quantitéé" />
      <item value="Montant de la liquidation" />
      <item value="Montant de la liquida" />
      <item value="Montant de la liquid" />
      <item value="Montant de la liqui" />
      <item value="Montant de la li" />
      <item value="Date de la liquidation" />
      <item value="Date de la liquida" />
      <item value="Date de la l" />
      <item value="Date de " />
      <item value="Valeu" />
      <item value="Valeur liquidative" />
      <item value="Valeur liquidati" />
      <item value="Valeur liqu" />
      <item value="Valeur li" />
      <item value="Téléchargement des fichiers" />
      <item value="Téléchargement des f" />
      <item value="Téléchargement des fhie" />
      <item value="Téléchargement des fhiers" />
      <item value="Téléchargement des " />
      <item value="Téléchargement " />
      <item value="Téléchargement" />
      <item value="Télécharge" />
      <item value="Télé" />
      <item value="Téléééé" />
    </histories>
  </component>
  <component name="Cache">
    <option name="lastTrimTime" value="1617009954859" />
  </component>
</application>